epoch,train_loss,valid_loss,exp_rmspe
1,1.137222,0.699775,1.173185
2,1.136633,0.699420,1.172115
3,1.133599,0.698778,1.171317
