epoch,train_loss,valid_loss,accuracy,error_rate
1,-0.024621,0.131445,0.400000,0.600000
2,0.029993,0.153416,0.000000,1.000000
3,-0.019872,-0.085419,0.200000,0.800000
