epoch,train_loss,valid_loss,exp_rmspe
1,1.352751,1.089225,2.242384
2,1.346707,1.083750,2.236377
3,1.341592,1.081252,2.232952
